,DRUG_DATASET,DRUG_ID,DRUG_NAME,DRUG_TARGET,N_MEASUREMENTS,PVAL,SPEARMANR
0,GDSC1,1047,Nutlin-3a (-),MDM2,511,3.9857184062720165e-29,0.4676318601070564
1,GDSC1,185,Linsitinib,IGF1R,474,6.36611844477303e-27,0.46597225528294745
2,GDSC1,1091,BMS-536924,IGF1R,493,1.113905607323555e-24,0.4393210286160888
3,GDSC1,184,BMS-754807,IGF1R,470,7.231629594381513e-22,0.4233965980216433
4,GDSC2,1510,Linsitinib,IGF1R,441,1.3765256849010264e-20,0.423176263512398
5,GDSC2,1047,Nutlin-3a (-),MDM2,433,1.0146972925000604e-19,0.4177854819198035
6,GDSC2,1560,Alpelisib,PIK3CA,442,1.8741206360161e-19,0.4111039102218418
7,GDSC2,1549,Sapitinib,ERBB2,441,3.2846502091642947e-18,0.3982110326648142
8,GDSC1,1032,Afatinib,EGFR,510,2.5374455804181138e-20,0.39337587068091495
9,GDSC2,1549,Sapitinib,EGFR,441,8.829909794366021e-17,0.3821197010272641
10,GDSC2,1561,Taselisib,PIK3CA,442,3.3288513156024416e-16,0.37497666196188495
11,GDSC1,1032,Afatinib,ERBB2,510,4.963320015659727e-17,0.35978106074089894
12,GDSC2,1091,BMS-536924,IGF1R,426,6.441080804595591e-14,0.35261823593441066
13,GDSC2,1849,Sabutoclax,MCL1,410,1.1980450728449142e-11,0.32663130132809365
14,GDSC1,1114,Cetuximab,EGFR,466,1.7410039184686675e-12,0.31903990968655027
15,GDSC1,1010,Gefitinib,EGFR,508,3.8532664487701977e-13,0.31469279567056824
16,GDSC2,1578,Leflunomide,DHODH,410,2.1276582061820963e-09,0.2902118220404091
17,GDSC2,1011,Navitoclax,BCL2L1,424,1.3241592285511814e-09,0.2890581780684975
18,GDSC2,1997,WEHI-539,BCL2L1,426,2.40948186184107e-09,0.28398580489688374
19,GDSC1,1008,Methotrexate,DHFR,510,1.066870658786836e-10,0.28084252082295363
20,GDSC2,1168,Erlotinib,EGFR,426,4.122211351465484e-09,0.27995576157038665
21,GDSC2,1032,Afatinib,ERBB2,443,5.6388975585543285e-09,0.27237328950248885
22,GDSC1,1016,Temsirolimus,MTOR,499,5.620457719147792e-09,0.25712842552575027
23,GDSC1,1054,Palbociclib,CDK6,488,1.0719256724111581e-08,0.2552385352154096
24,GDSC1,1057,Dactolisib,MTOR,504,6.243644190551329e-09,0.2551404444619413
25,GDSC2,1932,NVP-ADW742,IGF1R,426,1.9155890618671492e-07,0.24904256784681086
26,GDSC2,1915,AZD3759,EGFR,429,2.432120367728892e-07,0.24613803931343597
27,GDSC2,1529,Pevonedistat,NAE1,426,3.331617563452746e-07,0.24423579082983923
28,GDSC2,1919,Osimertinib,EGFR,426,5.044963572082649e-07,0.2405650877298507
29,GDSC2,1924,Ipatasertib,AKT1,426,6.716830828794758e-07,0.23799817225435546
30,GDSC2,1786,AZD4547,FGFR1,429,9.898602297534346e-07,0.23367039393990055
31,GDSC2,1010,Gefitinib,EGFR,426,1.2977669286214933e-06,0.2319784861531775
32,GDSC1,446,MIM1,MCL1,488,2.2444508525163352e-07,0.23178565461735592
33,GDSC2,1048,Mirin,MRE11,410,2.735873544265081e-06,0.22921745156273327
34,GDSC2,1012,Vorinostat,HDAC2,428,2.3547321975387903e-06,0.22587065148732074
35,GDSC1,1248,Daporinad,NAMPT,469,1.3823534508096701e-06,0.2207480251303688
36,GDSC2,1564,SCH772984,MAPK1,442,4.037018808545578e-06,0.21724133306734744
37,GDSC2,1237,EPZ004777,DOT1L,441,4.498933656116856e-06,0.21644322064490132
38,GDSC2,1553,Uprosertib,AKT1,412,9.833043647713828e-06,0.21588021502981464
39,GDSC1,156,AZD6482,PIK3CB,479,2.279647130879046e-06,0.21402940225889014
40,GDSC2,1909,Venetoclax,BCL2,427,1.1997777630652114e-05,0.2100951041009347
41,GDSC1,252,WZ3105,ROCK2,498,2.308657428364282e-06,0.20986789462175667
42,GDSC2,1549,Sapitinib,ERBB3,441,9.113909035738592e-06,0.20953948012771545
43,GDSC2,1996,MIM1,MCL1,426,1.3053776177449379e-05,0.2094718358366205
44,GDSC2,1053,MK-2206,AKT2,432,1.6108705038823715e-05,0.20587658303400738
45,GDSC1,1059,AZD8055,MTOR,505,3.0916331003010884e-06,0.20585645521073848
46,GDSC1,230,GSK429286A,ROCK2,498,3.6511003716312685e-06,0.20578176060734596
47,GDSC2,1916,AZD5363,AKT1,426,2.173821238104837e-05,0.2041602750543764
48,GDSC2,1058,Pictilisib,PIK3CA,431,2.060036067425104e-05,0.20355402075576895
49,GDSC1,1053,MK-2206,AKT1,487,7.00731080100837e-06,0.2020341103573012
50,GDSC1,228,AKT inhibitor VIII,AKT2,497,5.778267161981272e-06,0.20180498068082023
51,GDSC1,428,Pemetrexed,TYMS,491,7.43591943649825e-06,0.20066726208639532
52,GDSC2,1053,MK-2206,AKT1,432,3.332743161967224e-05,0.1982303003023922
53,GDSC2,1049,PD173074,FGFR1,428,3.774615470673818e-05,0.19779638164807464
54,GDSC2,1910,ABT737,BCL2L1,425,4.392495176748011e-05,0.19682809398008472
55,GDSC2,1054,Palbociclib,CDK6,431,4.005750714559485e-05,0.19647340779510422
56,GDSC2,1563,EPZ5676,DOT1L,441,3.6146598386537134e-05,0.1953617810760668
57,GDSC2,1912,Afuresertib,AKT1,426,4.962152698667836e-05,0.19526012390640857
58,GDSC2,1558,Lapatinib,ERBB2,427,5.0828109993931886e-05,0.19476965978496996
59,GDSC2,1032,Afatinib,EGFR,443,3.806577688629707e-05,0.19437523792855094
60,GDSC2,1912,Afuresertib,AKT2,426,5.4853247484449104e-05,0.19415183482767387
61,GDSC2,1068,Obatoclax Mesylate,MCL1,410,7.73611905783951e-05,0.19393249535443616
62,GDSC1,1058,Pictilisib,PIK3CA,503,1.2619723669312292e-05,0.1933379800876019
63,GDSC1,1066,AZD6482,PIK3CB,493,1.6540703247391894e-05,0.19265109979527745
64,GDSC1,166,FTI-277,FNTA,480,2.1760061961993562e-05,0.19248998476555887
65,GDSC1,1042,Doramapimod,MAPK14,501,3.152680697832431e-05,0.18480855023021686
66,GDSC2,1918,AZD8186,PIK3CB,426,0.00014558150122258277,0.18301834148575155
67,GDSC2,1916,AZD5363,AKT2,426,0.00016562349810533337,0.18149778128753236
68,GDSC1,282,Pelitinib,EGFR,497,5.032257457029617e-05,0.18080666275147975
69,GDSC1,1049,PD173074,FGFR1,510,4.687860379481534e-05,0.17923035188185132
70,GDSC2,1012,Vorinostat,HDAC1,428,0.0002621379257898771,0.17557530565037843
71,GDSC2,1939,UMI-77,MCL1,426,0.000316933142747186,0.17365438532836364
72,GDSC1,345,KIN001-270,CDK9,498,0.00011602442675680868,0.17186388485681456
73,GDSC1,362,CI-1033,ERBB2,496,0.00012466981313532833,0.17143102997260198
74,GDSC1,438,Panobinostat,HDAC2,490,0.00014390272550127354,0.17089955495398967
75,GDSC1,1054,Palbociclib,CDK4,488,0.0001607891136142455,0.1700218968861732
76,GDSC1,326,GSK690693,AKT2,497,0.00017796115344586092,0.1673729708214307
77,GDSC2,2040,Foretinib,MST1R,425,0.0006146143803837225,0.16548139000484596
78,GDSC1,412,Venotoclax,BCL2,493,0.00025639102597632446,0.163949284252268
79,GDSC1,363,PF-00299804,ERBB2,495,0.000270160654416973,0.16302709740740304
80,GDSC1,1053,MK-2206,AKT2,487,0.00034209470035474017,0.16162426493049886
81,GDSC1,206,Ruxolitinib,JAK1,500,0.00033818598216350435,0.15965804663218652
82,GDSC1,1048,Mirin,MRE11,457,0.0009755333778172101,0.15375297914360597
83,GDSC2,1627,GSK343,EZH2,411,0.0019604804209101714,0.15229409334699964
84,GDSC2,1553,Uprosertib,AKT2,412,0.001939793963778745,0.15226285265406084
85,GDSC1,165,DMOG,EGLN1,478,0.0008974463056067502,0.1514118489025588
86,GDSC2,1908,Ulixertinib,MAPK1,426,0.0017431890407922687,0.15125949525504037
87,GDSC1,1266,ICL1100013,NMT1,488,0.0008694762979456766,0.15025604880054508
88,GDSC1,180,Thapsigargin,ATP2A2,467,0.0013014716136357275,0.14837595369434983
89,GDSC2,1922,Cediranib,PDGFRB,426,0.0028441880748848103,0.14424685043724256
90,GDSC1,309,Y-39983,ROCK1,498,0.0014493357833497845,0.14233761940987014
91,GDSC2,1621,PCI-34051,HDAC1,411,0.004044149618652461,0.1415150954712722
92,GDSC1,474,ARRY-520,KIF11,488,0.0019353515644274352,0.13999674943894783
93,GDSC1,381,AST-1306,EGFR,490,0.0021687997007636796,0.13819947230950907
94,GDSC1,200,Dacinostat,HDAC1,476,0.0025818904726483505,0.13782959062473052
95,GDSC1,326,GSK690693,AKT1,497,0.0021198893483251094,0.13752921727801712
96,GDSC2,1060,PD0325901,MAP2K2,443,0.0037759406011971084,0.1373426427868069
97,GDSC1,1011,Navitoclax,BCL2L1,509,0.00207967024316853,0.13615586419893516
98,GDSC1,432,Flavopiridol,CDK6,490,0.002834708884320511,0.13458351491234358
99,GDSC1,133,Doxorubicin,TOP2A,475,0.003398108950133716,0.1341474311243485
100,GDSC1,344,THZ-2-49,CDK9,492,0.002894496471223657,0.13402588300183493
101,GDSC1,223,ZSTK474,PIK3CA,498,0.002818934228355263,0.13357810625007502
102,GDSC1,437,Trichostatin A,HDAC2,491,0.003251171236457562,0.13256405239558444
103,GDSC2,1558,Lapatinib,EGFR,427,0.006459904519679553,0.1316102529070547
104,GDSC1,288,WHI-P97,JAK3,498,0.0032792013561001236,0.13151468387309154
105,GDSC1,262,VX-11e,MAPK1,498,0.0033665175276112636,0.13115324246223412
106,GDSC1,163,JQ1,BRD2,481,0.003983534620205678,0.1310664159211877
107,GDSC1,275,I-BET-762,BRD4,495,0.0037722313537111828,0.1299687187097744
108,GDSC2,2096,VX-11e,MAPK1,422,0.007800990457401796,0.12935336371854725
109,GDSC1,546,FTY-720,S1PR1,493,0.004275965980900044,0.1284676527088645
110,GDSC1,199,Pazopanib,PDGFRB,473,0.00527732856848618,0.12807616436690944
111,GDSC2,1626,OTX015,BRD2,411,0.010019511658387353,0.12689564100658368
112,GDSC2,1593,Entinostat,HDAC1,413,0.010344472223571691,0.12604937804728894
113,GDSC2,1079,Dasatinib,SRC,429,0.00914596501927982,0.12571256172647174
114,GDSC1,238,Idelalisib,PIK3CD,499,0.005272368681810372,0.12471806263128664
115,GDSC2,1910,ABT737,BCL2,425,0.010878767985527952,0.12341764236919854
116,GDSC1,1012,Vorinostat,HDAC1,510,0.00563723576926481,0.12241560509878253
117,GDSC2,1507,Ruxolitinib,JAK1,410,0.0135536037949216,0.1218467514570029
118,GDSC1,346,THZ-2-102-1,CDK7,491,0.007642419476930948,0.12025072509754982
119,GDSC1,1264,SGC0946,DOT1L,482,0.008576355482063659,0.1196051755315692
120,GDSC1,374,GSK1059615,PIK3CD,491,0.008118963878408481,0.11933813115927411
121,GDSC2,1557,LCL161,BIRC2,410,0.015950181984267817,0.11896430370082438
122,GDSC2,1057,Dactolisib,MTOR,426,0.014279586852310485,0.11863931903862908
123,GDSC1,171,AKT inhibitor VIII,AKT2,478,0.00975978059108308,0.11809506825965846
124,GDSC1,410,"MetAP2 Inhibitor, A832234",METAP2,489,0.009627279465148283,0.11697297042119677
125,GDSC2,1873,Buparlisib,PIK3CA,426,0.01630847374412029,0.11632075965920888
126,GDSC1,317,WYE-125132,MTOR,495,0.009650458581906761,0.11622619033484909
127,GDSC1,1192,GSK269962A,ROCK2,495,0.0102977102292081,0.11522522469041993
128,GDSC1,283,Omipalisib,PIK3CA,498,0.010720771671284672,0.11425556501964199
129,GDSC2,1180,Dinaciclib,CDK9,411,0.020785927784883106,0.11401034653816171
130,GDSC1,1067,CCT007093,PPM1D,505,0.011002332951777986,0.11306248637286091
131,GDSC2,1928,I-BRD9,BRD9,426,0.01970713666328259,0.11294994654523088
132,GDSC1,171,AKT inhibitor VIII,AKT1,478,0.014562898808710511,0.11168605111424658
133,GDSC2,1916,AZD5363,ROCK2,426,0.021294527772710237,0.11154657937984708
134,GDSC1,308,Foretinib,MST1R,496,0.012932512824521502,0.11154070070471704
135,GDSC1,228,AKT inhibitor VIII,AKT1,497,0.013020544674839606,0.1113209572241064
136,GDSC1,157,JNK-9L,MAPK10,480,0.014886356068791694,0.11109347262791937
137,GDSC1,438,Panobinostat,HDAC1,490,0.014322177639946643,0.11058106898251413
138,GDSC1,271,VNLG/124,HDAC1,494,0.016050026700456903,0.1082865677079406
139,GDSC1,255,CP724714,ERBB2,498,0.016169649041407757,0.1077303816136309
140,GDSC2,2040,Foretinib,FGFR1,425,0.026824396371236715,0.10740335464507354
141,GDSC1,245,UNC0638,EHMT1,495,0.016950347860217815,0.1072841844064255
142,GDSC2,1810,Mitoxantrone,TOP2A,411,0.030694288871587132,0.10661566568893667
143,GDSC1,134,Etoposide,TOP2A,479,0.019655384986706315,0.10656593670565422
144,GDSC1,276,CAY10603,HDAC1,492,0.01945669044880628,0.10531968950231964
145,GDSC2,1054,Palbociclib,CDK4,431,0.030220647090377636,0.10440745337146351
146,GDSC1,155,Ponatinib,FGFR1,480,0.02235561433799476,0.10424980143142981
147,GDSC2,1922,Cediranib,FLT4,426,0.031628733532113124,0.10414556771681197
148,GDSC1,269,NSC-207895,MDM4,495,0.021058271489503375,0.10367172442724226
149,GDSC1,363,PF-00299804,ERBB4,495,0.023133659419248186,0.10207504719389271
150,GDSC2,1849,Sabutoclax,BCL2,410,0.04173216297834709,0.10061170399150673
151,GDSC2,1624,I-BET-762,BRD3,411,0.042299946104905985,0.10021294579043159
152,GDSC1,272,AR-42,HDAC1,491,0.027153959850614553,0.09970975822647374
153,GDSC2,1922,Cediranib,FGFR1,426,0.039836220526114026,0.09963138522552867
154,GDSC2,1084,Rapamycin,MTOR,422,0.04314006660802124,0.09849917418293133
155,GDSC2,1809,Teniposide,TOP2A,411,0.04809055069315372,0.09756132130097434
156,GDSC1,341,Selisistat,SIRT1,496,0.030120112629633145,0.09738302739211416
157,GDSC1,253,XMD14-99,CDK7,498,0.03148820223255935,0.0963994848682602
158,GDSC1,1194,SB505124,TGFBR1,495,0.032517865779247285,0.09611575464716382
159,GDSC1,194,Luminespib,HSP90AB1,471,0.037831864014517255,0.09572251533784606
160,GDSC1,1219,PFI-1,BRD4,499,0.03298022138173482,0.09547721949923944
161,GDSC1,265,Tubastatin A,HDAC1,496,0.035293286131388185,0.09454301566977623
162,GDSC2,1629,ML323,WDR48,411,0.056669119195148325,0.09408677886651307
163,GDSC1,1015,CI-1040,MAP2K2,502,0.0366187943079306,0.09330978842928782
164,GDSC2,1079,Dasatinib,PDGFRB,429,0.05565244517338313,0.09246834452224585
165,GDSC1,1036,PLX-4720,BRAF,511,0.03700872408254744,0.09229353128237594
166,GDSC2,2040,Foretinib,ROS1,425,0.05865526037639264,0.09179237466977225
167,GDSC1,362,CI-1033,ERBB4,496,0.0424124994951387,0.0911651728553137
168,GDSC1,204,Tipifarnib,FNTA,477,0.04742150099865733,0.09082379300500494
169,GDSC1,1218,JQ1,BRD3,484,0.04599917330776317,0.09074747427707779
170,GDSC2,1626,OTX015,BRD3,411,0.06887974523954568,0.08982699882983522
171,GDSC1,1069,EHT-1864,RAC2,507,0.04360445921220457,0.08965764964764256
172,GDSC2,1250,AZ960,JAK3,410,0.06976688331661367,0.08965178620786618
173,GDSC1,1091,BMS-536924,INSR,493,0.04891579324661451,0.08874414609910525
174,GDSC1,382,Apitolisib,PIK3CD,491,0.05425438422552639,0.08692208888920429
175,GDSC1,1012,Vorinostat,HDAC2,510,0.050653956906105496,0.0865921414990627
176,GDSC1,1268,XAV939,TNKS2,489,0.0572488071850119,0.08604525386540016
177,GDSC1,219,AT-7519,CDK6,488,0.05952197902978391,0.0853622320739509
178,GDSC2,1011,Navitoclax,BCL2,424,0.08056633011025914,0.08495902897489786
179,GDSC1,298,OSI-930,MEN1,497,0.058593619803095624,0.08489383639575503
180,GDSC2,1617,AZD5582,BIRC2,406,0.0896962694761027,0.08433072571003607
181,GDSC1,275,I-BET-762,BRD3,495,0.06507853186784493,0.08298066739734757
182,GDSC2,1511,Epirubicin,TOP2A,426,0.08768692839541264,0.08284080568269792
183,GDSC2,1614,WZ4003,NUAK2,411,0.09378719790347977,0.08276884838156014
184,GDSC1,1011,Navitoclax,BCL2,509,0.06401216307567349,0.08215584053957893
185,GDSC1,1259,Talazoparib,PARP1,487,0.07034690896586017,0.08207651104387004
186,GDSC1,271,VNLG/124,RARA,494,0.0685421754792842,0.08201947868863636
187,GDSC1,362,CI-1033,EGFR,496,0.06949466952968267,0.0815743925921118
188,GDSC1,273,CUDC-101,ERBB2,486,0.07424477116594697,0.08104932129996165
189,GDSC1,274,Belinostat,HDAC1,481,0.07832450653177575,0.08035073455197936
190,GDSC1,159,HG6-64-1,BRAF,480,0.08091546154257538,0.07974719942360861
191,GDSC2,1927,GSK2578215A,LRRK2,426,0.10167540556114756,0.07941054232822199
192,GDSC1,193,GW-2580,CSF1R,498,0.07704331433764296,0.07930515220642735
193,GDSC1,1017,Olaparib,PARP2,510,0.0739852617709528,0.07918663549603172
194,GDSC1,1262,UNC1215,L3MBTL3,483,0.08704870729529374,0.07794465551177537
195,GDSC1,155,Ponatinib,SRC,480,0.08961952099816031,0.07756120903302531
196,GDSC1,382,Apitolisib,MTOR,491,0.08643167727682753,0.07745673998574643
197,GDSC1,437,Trichostatin A,HDAC1,491,0.08670584178030888,0.07738952716847505
198,GDSC1,1175,Rucaparib,PARP1,507,0.08370314740428599,0.07688992860035443
199,GDSC1,153,Midostaurin,FGR,481,0.09388055707677784,0.07647298591281994
200,GDSC1,375,Voxtalisib,PIK3CD,498,0.0889785081740228,0.07629576381436116
201,GDSC1,329,QL-XI-92,DDR1,498,0.09208722017222219,0.07556569102909706
202,GDSC2,1091,BMS-536924,INSR,426,0.12042527658402657,0.07535706039515784
203,GDSC1,328,SNX-2112,HSP90AB1,493,0.0953807037065923,0.07519271980132239
204,GDSC1,1057,Dactolisib,PIK3CD,504,0.09209901823532729,0.07511086240688825
205,GDSC1,273,CUDC-101,HDAC1,486,0.09831565850152689,0.07507246444988565
206,GDSC1,342,Tenovin-6,SIRT1,498,0.09490532795678674,0.07492073186638969
207,GDSC2,1068,Obatoclax Mesylate,BCL2L2,410,0.13033107841454603,0.07483543016680502
208,GDSC1,283,Omipalisib,PIK3CD,498,0.09528749025215412,0.07483445230379793
209,GDSC1,1037,BX795,AURKB,511,0.09526009400578894,0.07388042117531943
210,GDSC2,1250,AZ960,JAK2,410,0.13626286691619177,0.07370351878879736
211,GDSC2,1564,SCH772984,MAPK3,442,0.12468075420839457,0.07314174150299119
212,GDSC1,1175,Rucaparib,PARP2,507,0.10151230029250807,0.07281001462393505
213,GDSC1,301,PHA-793887,CDK7,498,0.10489905481704485,0.07275004300618401
214,GDSC1,236,IC-87114,PIK3CD,495,0.10784344441090091,0.07236070381231671
215,GDSC1,1021,Axitinib,PDGFRB,505,0.10701693112111228,0.07180714965906529
216,GDSC2,1249,BMS-345541,IKBKB,410,0.14674023694699373,0.07179349451303305
217,GDSC2,1057,Dactolisib,PIK3CB,426,0.14114306444514338,0.07141549392788749
218,GDSC2,1926,GNE-317,PIK3CB,413,0.1482745114173808,0.07126146134953398
219,GDSC1,1057,Dactolisib,PIK3CB,504,0.11021155967532602,0.07123332611591182
220,GDSC2,1593,Entinostat,HDAC3,413,0.149120238896313,0.07111360044371899
221,GDSC1,376,"Brivanib, BMS-540215",PDGFRB,497,0.11456723558828631,0.07087208443040678
222,GDSC2,1849,Sabutoclax,BCL2A1,410,0.1536605646804129,0.07058828138296552
223,GDSC1,1005,Cisplatin,BCHE,510,0.11376538934482217,0.0701155193621976
224,GDSC1,301,PHA-793887,CDK5,498,0.118295791145946,0.07008344098441484
225,GDSC1,1192,GSK269962A,ROCK1,495,0.12136957960037309,0.06971616385877846
226,GDSC1,230,GSK429286A,ROCK1,498,0.12250950594029268,0.06929380809569492
227,GDSC1,330,XMD13-2,RIPK1,497,0.12302406775172528,0.0692686042410702
228,GDSC2,1933,P22077,USP7,426,0.154715976267013,0.06906852881997869
229,GDSC2,1908,Ulixertinib,MAPK3,426,0.15741916649551094,0.06861993562144321
230,GDSC2,2045,AMG-319,PIK3CD,425,0.15800862583325265,0.0686037423207391
231,GDSC2,1249,BMS-345541,CHUK,410,0.16566253047873566,0.06859207096166761
232,GDSC1,147,NSC-87877,PTPN6,478,0.13638242775920092,0.06822274043002602
233,GDSC2,1926,GNE-317,PIK3CA,413,0.16656196719529748,0.0681969248338524
234,GDSC2,1559,Luminespib,HSP90AB1,442,0.15332108602816744,0.06803214426941118
235,GDSC1,184,BMS-754807,INSR,470,0.1412422805729795,0.06796299415936023
236,GDSC1,1042,Doramapimod,MAPK9,501,0.13000513155764354,0.06773566810601904
237,GDSC2,1634,AGI-6780,IDH1,411,0.17098730846796148,0.06765833954137146
238,GDSC2,1005,Cisplatin,BCHE,431,0.16579654282174683,0.0668729053879866
239,GDSC1,1039,SL0101,AURKB,502,0.13476170695503004,0.06684320918016011
240,GDSC1,223,ZSTK474,PIK3CD,498,0.14342145672910545,0.06566035029988221
241,GDSC1,363,PF-00299804,EGFR,495,0.14569232617881553,0.06548899600682283
242,GDSC1,271,VNLG/124,HDAC3,494,0.14676222167683495,0.06538218907173748
243,GDSC2,1179,MK-1775,WEE1,431,0.17790825755710074,0.06501360935748245
244,GDSC2,1036,PLX-4720,BRAF,440,0.17383121610088217,0.06495154698864429
245,GDSC1,1014,Refametinib,MAP2K2,500,0.14837126133115305,0.06473037092148368
246,GDSC1,1043,JNK Inhibitor VIII,MAPK8,509,0.14603052261088223,0.06452543573084746
247,GDSC1,1058,Pictilisib,PIK3CD,503,0.14974178416325404,0.06431973516518043
248,GDSC1,221,TAK-715,MAPK14,499,0.1544668820557879,0.06383890672912089
249,GDSC1,153,Midostaurin,PRKCA,481,0.16397789258369042,0.0635625770999215
250,GDSC1,1263,UNC0642,EHMT1,471,0.16950158382836855,0.06340646038574883
251,GDSC1,1239,YK-4-279,DHX9,416,0.19843784062453998,0.06317916936145246
252,GDSC2,1372,Trametinib,MAP2K2,432,0.1899767448339039,0.06317861856970113
253,GDSC1,275,I-BET-762,BRD2,495,0.1621108763765596,0.06293256277016682
254,GDSC2,1083,Crizotinib,ROS1,412,0.21020895066820497,0.061859250497997294
255,GDSC1,374,GSK1059615,PIK3CA,491,0.1750074260071648,0.06130711188653097
256,GDSC1,439,LCL161,BIRC2,492,0.17905971766589887,0.060675194111430165
257,GDSC1,381,AST-1306,ERBB4,490,0.18018631922424125,0.06064238297620599
258,GDSC1,1019,Bosutinib,SRC,510,0.17356992850574215,0.060351363948976
259,GDSC1,1021,Axitinib,FLT1,505,0.17784443492300028,0.06005417311917528
260,GDSC2,1613,VE-822,ATR,411,0.22533978778939612,0.05993456065238847
261,GDSC2,2040,Foretinib,KDR,425,0.22128375382812945,0.05945272076409624
262,GDSC1,382,Apitolisib,PIK3CA,491,0.18950493902593998,0.05931079997445305
263,GDSC2,1630,Entospletinib,SYK,411,0.23510176451463471,0.05869439340697708
264,GDSC1,271,VNLG/124,HDAC2,494,0.1936162888718749,0.05858592494655268
265,GDSC2,1624,I-BET-762,BRD2,411,0.23746612109055196,0.05839951879782422
266,GDSC1,291,KIN001-266,MAP3K8,497,0.19640117820100245,0.05804570915582888
267,GDSC2,1624,I-BET-762,BRD4,411,0.24358314975798895,0.0576460847876851
268,GDSC2,1786,AZD4547,FGFR2,429,0.2337972433532914,0.05760468612022622
269,GDSC2,1917,AZD6738,ATR,426,0.23582924331091507,0.05755799987970252
270,GDSC1,406,LIMK1 inhibitor BMS4,LIMK1,498,0.20159959370963745,0.05732106136104358
271,GDSC1,380,BIBF-1120,PDGFRB,497,0.2030932259964448,0.05718962042757908
272,GDSC1,182,Obatoclax Mesylate,MCL1,473,0.21562972998871452,0.057038567974189144
273,GDSC2,2040,Foretinib,PDGFRB,425,0.24458011313423278,0.05656500601835207
274,GDSC1,163,JQ1,BRD3,481,0.21742759267946715,0.05633998585243399
275,GDSC1,277,Linifanib,CSF1R,498,0.2138997365470974,0.05579309694514481
276,GDSC1,308,Foretinib,FGFR1,496,0.22756027744977791,0.05427796495492997
277,GDSC1,1018,Veliparib,PARP2,510,0.22501612034191987,0.0538188287129584
278,GDSC1,1494,SN-38,TOP1,510,0.22600665857034805,0.053704211722097675
279,GDSC1,1218,JQ1,BRD2,484,0.23856652848614218,0.05367185685021143
280,GDSC1,1024,Lestaurtinib,JAK2,508,0.22738748029574649,0.053650697087609174
281,GDSC1,185,Linsitinib,INSR,474,0.2447854187331752,0.05352637353814864
282,GDSC1,292,Masitinib,KIT,498,0.23320285372480007,0.053517667805126144
283,GDSC2,1268,XAV939,TNKS2,410,0.2818363618586626,0.053274790595959784
284,GDSC1,1149,TW 37,MCL1,506,0.2366112912706461,0.05270674224613098
285,GDSC1,154,CHIR-99021,GSK3B,478,0.25411292999695567,0.052262606648248285
286,GDSC1,207,AS601245,MAPK8,474,0.2581783717670968,0.05203730282700893
287,GDSC2,1088,Irinotecan,TOP1,441,0.27564922553379384,0.0520241663098806
288,GDSC1,273,CUDC-101,HDAC2,486,0.25477110318867746,0.051757349480276146
289,GDSC1,1028,VX-702,MAPK14,508,0.24637628051488203,0.05152376726906184
290,GDSC1,153,Midostaurin,FLT1,481,0.2635162606559612,0.05108144771007841
291,GDSC1,437,Trichostatin A,HDAC7,491,0.25918928146933956,0.05101675859852659
292,GDSC2,1239,YK-4-279,DHX9,426,0.29391036222493905,0.05096911265083267
293,GDSC1,286,KIN001-236,TEK,498,0.25852301098242986,0.050726407361279015
294,GDSC1,284,JNJ38877605,MET,497,0.25940469665872823,0.05068381528971731
295,GDSC2,1930,Telomerase Inhibitor IX,TERT,426,0.3011741530832078,0.05020945344196326
296,GDSC1,287,KIN001-244,PDPK1,498,0.2683904311231229,0.04969008220047481
297,GDSC2,1068,Obatoclax Mesylate,BCL2,410,0.3161787728098551,0.049623109726715915
298,GDSC1,1061,SB590885,BRAF,491,0.27353643914787906,0.049510502129419647
299,GDSC1,1029,Motesanib,PDGFRB,507,0.26717267621192387,0.04937074354818542
300,GDSC1,163,JQ1,BRD4,481,0.2932386950997662,0.04802074257468448
301,GDSC1,1011,Navitoclax,BCL2L2,509,0.2796948267852468,0.0480051067810445
302,GDSC2,1620,PFI3,SMARCA4,411,0.333046326885983,0.0478661345326514
303,GDSC1,219,AT-7519,CDK9,488,0.3011507705069148,0.04690008200748374
304,GDSC2,1180,Dinaciclib,CDK5,411,0.3440204626908562,0.046792071917601034
305,GDSC1,372,Pilaralisib,PIK3CD,498,0.3009812826208472,0.04644118908588796
306,GDSC2,2107,LJI308,RPS6KA1,422,0.3449775966913331,0.046083762050035094
307,GDSC1,1060,PD0325901,MAP2K2,500,0.30381974496565883,0.04607682430729723
308,GDSC1,222,BX-912,PDPK1,499,0.3114000394828967,0.04540676533790472
309,GDSC2,1177,Niraparib,PARP2,410,0.3672927735488115,0.044638764700070034
310,GDSC2,1618,GSK2606414,EIF2AK3,408,0.37203725977288526,0.04430767338864563
311,GDSC1,199,Pazopanib,PDGFRA,473,0.3434731738203596,0.04365278798976529
312,GDSC2,2170,AT13148,AKT1,421,0.3775204731233902,0.04311734803004743
313,GDSC1,1259,Talazoparib,PARP2,487,0.34844428290976037,0.04257736153136788
314,GDSC2,1085,Sorafenib,PDGFRB,427,0.38085952056856864,0.042513237845951145
315,GDSC1,308,Foretinib,MET,496,0.3574330290284248,0.04140797866377148
316,GDSC1,1530,PFI-3,SMARCA4,452,0.38237409335475214,0.041184014425216686
317,GDSC2,1013,Nilotinib,ABL1,427,0.40050559229826876,0.040787855677037556
318,GDSC2,1003,Camptothecin,TOP1,444,0.39152947425703155,0.040762161202468596
319,GDSC1,1133,Serdemetan,MDM2,506,0.36027781880374254,0.040753306099840764
320,GDSC1,1019,Bosutinib,ABL1,510,0.37050693911373733,0.039736317596716
321,GDSC1,1039,SL0101,PIM3,502,0.3752564246248391,0.039657325270885835
322,GDSC1,1050,ZM447439,AURKB,511,0.37683011327743465,0.03917581587429491
323,GDSC1,1241,CHIR-99021,GSK3A,484,0.39254075283346046,0.0389504550296694
324,GDSC1,273,CUDC-101,HDAC3,486,0.3923149480750413,0.03888840540053873
325,GDSC2,1625,RVX-208,BRD4,411,0.4364020119908536,0.03849288999586898
326,GDSC1,1025,SB216763,GSK3A,454,0.4181441444081131,0.03808974524614749
327,GDSC1,356,AT7867,AKT2,498,0.3991022681016819,0.037867449038339954
328,GDSC1,375,Voxtalisib,PIK3CG,498,0.4054226258107757,0.03736259700317462
329,GDSC1,295,NVP-BHG712,EPHB4,498,0.40934947386583886,0.037051291913814594
330,GDSC1,447,ETP-45835,MKNK1,495,0.4110090002165242,0.037032463857591194
331,GDSC2,2040,Foretinib,TEK,425,0.44694035640969965,0.03698722858795392
332,GDSC1,249,Cabozantinib,AXL,497,0.4169667687881108,0.03648924248952714
333,GDSC1,1012,Vorinostat,HDAC7,510,0.4334579460745891,0.03475938912852866
334,GDSC1,1012,Vorinostat,HDAC5,510,0.4339119568253892,0.03472510354089156
335,GDSC2,1058,Pictilisib,PIK3CB,431,0.4751336801440359,0.03448937930538319
336,GDSC1,206,Ruxolitinib,JAK2,500,0.44169034024463294,0.03448208992835971
337,GDSC1,1372,Trametinib,MAP2K2,475,0.46058142072128994,0.0339363673517375
338,GDSC1,1012,Vorinostat,HDAC3,510,0.45415313003294155,0.03321689953802659
339,GDSC2,1017,Olaparib,PARP2,430,0.49231399286737876,0.03319989781976508
340,GDSC1,223,ZSTK474,PIK3CB,498,0.4643624540728666,0.032861194012956216
341,GDSC1,306,Fedratinib,JAK2,498,0.4748294754173581,0.03209633734998056
342,GDSC2,1079,Dasatinib,PDGFRA,429,0.5105972989481568,0.031848959560326656
343,GDSC1,371,Torin 2,MTOR,475,0.499080818142444,0.031088518018799794
344,GDSC1,375,Voxtalisib,PIK3CB,498,0.4888753628228476,0.031084301399579843
345,GDSC1,408,Sphingosine Kinase 1 Inhibitor II,SPHK1,498,0.49236135534305814,0.03083556752544142
346,GDSC1,293,Amuvatinib,FLT3,495,0.5034826699494394,0.03013958311072063
347,GDSC1,1030,KU-55933,ATM,510,0.4987196086339244,0.030023093016844495
348,GDSC2,1005,Cisplatin,CYP2B6,431,0.5443240924530397,0.029282601006013296
349,GDSC1,374,GSK1059615,MTOR,491,0.517651772875421,0.02926565688617109
350,GDSC1,277,Linifanib,KDR,498,0.5154244091298698,0.029212967643366543
351,GDSC1,201,Epothilone B,TUBB4B,473,0.5346587276073234,0.028619356424797925
352,GDSC1,225,Genentech Cpd 10,AURKA,496,0.5267425613372109,0.028488034757912086
353,GDSC1,158,PF-562271,PTK2,469,0.5419705214556942,0.028229323338881937
354,GDSC1,249,Cabozantinib,TEK,497,0.5302780772007258,0.028216324765538436
355,GDSC1,302,PI-103,PIM3,491,0.534919726825758,0.028069410666258454
356,GDSC2,1620,PFI3,PBRM1,411,0.5728577489196007,0.027892095943140707
357,GDSC2,1853,OF-1,BRD1,411,0.5738216653113298,0.0278220934714485
358,GDSC1,165,DMOG,EGLN3,478,0.5456060398431808,0.027709906985746276
359,GDSC2,1259,Talazoparib,PARP1,423,0.582288333053111,0.026818664094373237
360,GDSC1,1241,CHIR-99021,GSK3B,484,0.56204512150609,0.0264185510915473
361,GDSC1,1012,Vorinostat,HDAC10,510,0.5712810536284314,0.025127943364551462
362,GDSC1,356,AT7867,AKT1,498,0.5760091478531231,0.02511857488704106
363,GDSC1,221,TAK-715,MAPK11,499,0.5829175373536223,0.024640413356834145
364,GDSC1,1026,Tanespimycin,HSP90AB1,509,0.5848600576192635,0.024270404602290775
365,GDSC2,1922,Cediranib,FLT3,426,0.6249864062310183,0.023748663630772097
366,GDSC2,1012,Vorinostat,HDAC4,428,0.6298935157566099,0.023357521902029336
367,GDSC1,477,A-83-01,TGFB1,494,0.6220464756196941,0.02223254131015421
368,GDSC1,1039,SL0101,RPS6KA2,502,0.6228914922350015,0.022000354672309676
369,GDSC1,231,FMK,RPS6KA2,440,0.6489339179437442,0.021762227359363708
370,GDSC1,1001,AICA Ribonucleotide,PRKAA2,505,0.627786320830315,0.021626386241108585
371,GDSC2,1079,Dasatinib,ABL1,429,0.6566282458977044,0.021524508962022546
372,GDSC2,2043,BIBR-1532,TERT,425,0.6637495611107376,0.021148020196651608
373,GDSC2,1918,AZD8186,PIK3CA,426,0.665078792984549,0.021034131500672307
374,GDSC1,1242,(5Z)-7-Oxozeaenol,MAP3K7,485,0.6478753451683181,0.020789799483957563
375,GDSC2,1012,Vorinostat,HDAC5,428,0.6686615113336973,0.02074591564403117
376,GDSC1,1037,BX795,IKBKE,511,0.6466144889594077,0.02032922758144353
377,GDSC1,438,Panobinostat,HDAC10,490,0.655551944368189,0.020200595825650494
378,GDSC1,266,Zibotentan,EDNRA,498,0.6557249429080527,0.02002613746073515
379,GDSC1,271,VNLG/124,HDAC9,494,0.6587945133576522,0.019916022200638407
380,GDSC2,1080,Paclitaxel,BCL2,427,0.6820430690744801,0.01988196992588286
381,GDSC1,164,JQ12,HDAC1,478,0.6688016592935302,0.019616284133606193
382,GDSC2,1852,LY2109761,TGFB1,411,0.6922651477056703,0.019580296291943147
383,GDSC2,1910,ABT737,BCL2A1,425,0.6891797731524314,0.019456785105751048
384,GDSC1,249,Cabozantinib,KIT,497,0.6662975617401898,0.019390536769001106
385,GDSC1,178,BAY-61-3606,SYK,476,0.6764111264426258,0.01917857907810592
386,GDSC1,372,Pilaralisib,PIK3CG,498,0.6718161199933377,0.019030618994163938
387,GDSC1,1373,Dabrafenib,BRAF,457,0.6852360158389866,0.019010821225232063
388,GDSC1,1194,SB505124,ACVR1C,495,0.6756857725191705,0.01884975522496745
389,GDSC2,1268,XAV939,TNKS,410,0.7037712835702709,0.018834284500466408
390,GDSC1,197,Bryostatin 1,PRKCA,474,0.6836901744352745,0.01876189657916569
391,GDSC1,1009,Tretinoin,RARA,506,0.676773158162477,0.018576496188337642
392,GDSC2,1933,P22077,USP47,426,0.7130469368888963,0.01786945394643658
393,GDSC2,1510,Linsitinib,INSR,441,0.7122874733204547,0.017609841139252902
394,GDSC1,1020,Lenalidomide,CRBN,510,0.7096055678860433,0.016528955151239925
395,GDSC1,226,GSK1070916,AURKC,472,0.72370511328667,0.016313853177946137
396,GDSC1,182,Obatoclax Mesylate,BCL2,473,0.7241949359171745,0.016266392035390605
397,GDSC1,366,TWS119,GSK3B,498,0.7207185291196014,0.016059220814905614
398,GDSC1,1194,SB505124,ACVR1B,495,0.7289153012289336,0.01561563789916931
399,GDSC1,199,Pazopanib,KIT,473,0.7371075917199861,0.015474884256161857
400,GDSC1,208,Ispinesib Mesylate,CDH16,497,0.733102037434908,0.015333743619900517
401,GDSC1,1530,PFI-3,PBRM1,452,0.7460556754492604,0.01527377413012141
402,GDSC1,416,CAY10566,SCD5,492,0.7355442600745454,0.015265326512962812
403,GDSC1,438,Panobinostat,HDAC3,490,0.736631063060092,0.015231319121678638
404,GDSC1,1017,Olaparib,PARP1,510,0.7348644284857091,0.015032239986448603
405,GDSC2,1626,OTX015,BRD4,411,0.7624407611415701,0.014954947791983765
406,GDSC1,1218,JQ1,BRD4,484,0.7453166258399524,0.014802051377578044
407,GDSC1,1149,TW 37,BCL2,506,0.7422987794493447,0.014652872542206628
408,GDSC1,207,AS601245,MAPK9,474,0.7533731601035505,0.014468888253496966
409,GDSC1,263,FR-180204,MAPK1,498,0.7598861271078109,0.013729478301588756
410,GDSC2,1808,Topotecan,TOP1,411,0.7827716411907707,0.013640629780261376
411,GDSC1,1026,Tanespimycin,HSP90AA1,509,0.7632327807349912,0.013384461808794185
412,GDSC2,1373,Dabrafenib,BRAF,427,0.7847546252514797,0.013255879693666825
413,GDSC2,2040,Foretinib,FLT4,425,0.7944408196521459,0.012675274733863783
414,GDSC1,1012,Vorinostat,HDAC4,510,0.7770128194331166,0.01257127659309815
415,GDSC2,1507,Ruxolitinib,JAK2,410,0.8050846436332326,0.012224068308179022
416,GDSC1,249,Cabozantinib,MET,497,0.7865370161349889,0.012177710647874812
417,GDSC1,154,CHIR-99021,GSK3A,478,0.7916564696561879,0.012113679680663274
418,GDSC2,1925,GDC0810,ESR2,426,0.8041910153641352,0.012047055719078211
419,GDSC2,1854,MN-64,TNKS,411,0.810320970536338,0.011874666191917392
420,GDSC1,305,TPCA-1,IKBKB,498,0.7944196299235169,0.011705697885796078
421,GDSC1,194,Luminespib,HSP90AA1,471,0.8082713638255643,0.011210466716127536
422,GDSC1,256,JW-7-24-1,LCK,498,0.8031454377165645,0.011198222485551938
423,GDSC1,157,JNK-9L,MAPK9,480,0.8087122905449193,0.011078281589763844
424,GDSC1,299,OSI-027,MTOR,491,0.8230190741262529,0.0101193306292762
425,GDSC1,271,VNLG/124,HDAC10,494,0.8252312324981135,0.00996022588848467
426,GDSC2,1557,LCL161,BIRC3,410,0.8411092579925963,0.009930820383284588
427,GDSC2,1012,Vorinostat,HDAC3,428,0.8379528480517278,0.009914246929721114
428,GDSC1,252,WZ3105,NTRK2,498,0.8365142453417611,0.009270049152631217
429,GDSC1,175,PAC-1,CASP3,470,0.8414867634694756,0.009249379686663386
430,GDSC2,1910,ABT737,BCL2L2,425,0.8525229271633938,0.009043941786121838
431,GDSC1,253,XMD14-99,ALK,498,0.8478430961344742,0.008619454613087902
432,GDSC1,308,Foretinib,KDR,496,0.8504715805709367,0.008485910575869686
433,GDSC2,1259,Talazoparib,PARP2,423,0.8775898307983734,0.007511084136699384
434,GDSC1,261,TL-1-85,MAP3K7,498,0.8676577329270686,0.00748577225236636
435,GDSC1,263,FR-180204,MAPK3,498,0.887099448580942,0.006378032057424102
436,GDSC2,1012,Vorinostat,HDAC7,428,0.9046457879117579,0.0058074298920016715
437,GDSC1,294,MPS-1-IN-1,TTK,497,0.9000598089025303,0.005647468174769566
438,GDSC1,1062,Selumetinib,MAP2K1,481,0.9079076230477645,0.0052881919583164395
439,GDSC1,271,VNLG/124,HDAC5,494,0.9110933545847548,0.005036527829311004
440,GDSC1,442,IMD-0354,IKBKB,495,0.9114758553496697,0.005009676232087098
441,GDSC1,328,SNX-2112,HSP90AA1,493,0.9162290982709148,0.004749318542942761
442,GDSC2,1913,AGI-5198,IDH1,426,0.9298844585971509,0.004275683027771256
443,GDSC1,249,Cabozantinib,RET,497,0.9294569360113241,0.003981037409845783
444,GDSC1,254,Quizartinib,FLT3,498,0.930877692612601,0.0038967173395541414
445,GDSC1,203,BMS-345541,CHUK,500,0.9335179513879048,0.00373998295993184
446,GDSC2,2111,VE821,ATR,421,0.9443247277279135,0.0034137053184457805
447,GDSC1,374,GSK1059615,PIK3CG,491,0.9473597720708056,0.0029871687386394626
448,GDSC1,552,BAM7,BAX,493,0.951749913544322,0.0027321375528756393
449,GDSC1,312,Tivozanib,FLT4,497,0.9546346785326496,0.0025581980026290665
450,GDSC1,1052,RO-3306,CDK1,511,0.9566642263637399,0.0024097609934384707
451,GDSC1,1072,Avagacestat,APP,508,0.9603110005169465,0.0022133397750247214
452,GDSC1,1025,SB216763,GSK3B,454,0.9695163540316285,0.0017984699316204403
453,GDSC1,205,Avagacestat,APP,498,0.9688587354002669,0.0017538167594508011
454,GDSC1,1266,ICL1100013,NMT2,488,0.9750957284377739,0.0014168026746293712
455,GDSC1,476,SB505124,ACVR1C,493,0.980561659720749,0.001100125765856783
456,GDSC1,155,Ponatinib,TEK,480,0.9905788141793301,-0.0005403669286759056
457,GDSC1,1039,SL0101,PIM1,502,0.9873132113951558,-0.0007114789138110716
458,GDSC2,1866,BDP-00009066,CDC42BPB,426,0.9865523246901757,-0.0008190318380873476
459,GDSC1,202,GSK1904529A,INSR,475,0.9849214659664105,-0.0008694483789518472
460,GDSC1,283,Omipalisib,PIK3CB,498,0.9819450207908098,-0.0010166511297060195
461,GDSC1,249,Cabozantinib,FLT4,497,0.981440637473949,-0.0010461134471031397
462,GDSC1,167,OSU-03012,PDPK1,474,0.9801567274873765,-0.001145452010146865
463,GDSC1,196,Phenformin,KCNJ8,491,0.9796967219778292,-0.0011514376750650585
464,GDSC1,1029,Motesanib,RET,507,0.968720688308514,-0.0017458116633846759
465,GDSC1,257,NPK76-II-72-1,PLK3,497,0.9617115061017554,-0.002158794195409535
466,GDSC1,1060,PD0325901,MAP2K1,500,0.9599836563229007,-0.002249480997923991
467,GDSC1,1170,CCT-018159,HSP90AA1,504,0.9377115065153903,-0.003489576449834703
468,GDSC1,439,LCL161,BIRC3,492,0.9314369463697788,-0.0038887276170696547
469,GDSC1,273,CUDC-101,HDAC10,486,0.9125668857657225,-0.004993519949382689
470,GDSC1,1129,PF-4708671,RPS6KB1,503,0.9094647058993766,-0.005082858945737452
471,GDSC1,1062,Selumetinib,MAP2K2,481,0.9077879741764466,-0.005295093210030969
472,GDSC1,1037,BX795,PDPK1,511,0.904617250509326,-0.0053139749050305045
473,GDSC1,1037,BX795,AURKC,511,0.9025451143310561,-0.00542998877633245
474,GDSC1,1012,Vorinostat,HDAC9,510,0.8925416246093733,-0.005996494999754619
475,GDSC1,271,VNLG/124,HDAC7,494,0.8934046708018142,-0.006044082247776066
476,GDSC1,273,CUDC-101,HDAC9,486,0.8931609579093949,-0.006107895260219963
477,GDSC1,290,KIN001-260,IKBKB,497,0.8903468928355757,-0.006199654201931371
478,GDSC1,277,Linifanib,FLT4,498,0.8778835474446178,-0.006902607911515256
479,GDSC1,407,kb NB 142-70,PRKD1,498,0.8766472227598907,-0.006973050291342919
480,GDSC1,155,Ponatinib,KDR,480,0.8511485895394487,-0.008587385361915632
481,GDSC1,175,PAC-1,CASP7,470,0.8507036421029665,-0.008704989177204601
482,GDSC1,382,Apitolisib,PIK3CG,491,0.846956656943804,-0.008732191898169032
483,GDSC1,437,Trichostatin A,HDAC4,491,0.8342682001937607,-0.009466362671440838
484,GDSC2,1012,Vorinostat,HDAC9,428,0.8433151589568135,-0.009581807804574774
485,GDSC1,182,Obatoclax Mesylate,BCL2L2,473,0.8342854342180925,-0.00964471506400327
486,GDSC1,382,Apitolisib,PIK3CB,491,0.8310458618868157,-0.009653200110703464
487,GDSC1,1057,Dactolisib,PIK3CG,504,0.8269418259687339,-0.009762359365729249
488,GDSC1,576,RU-SKI 43,SHH,492,0.8287793131312242,-0.009774717990670237
489,GDSC2,1011,Navitoclax,BCL2L2,424,0.8403451112691555,-0.009812107902173312
490,GDSC1,223,ZSTK474,PIK3CG,498,0.8228569305152988,-0.010056961514602744
491,GDSC1,437,Trichostatin A,HDAC9,491,0.8223216482629923,-0.010159881348595272
492,GDSC2,2109,AZ6102,TNKS,422,0.8258859855660061,-0.0107400529701351
493,GDSC2,1617,AZD5582,BIRC3,406,0.8250551438707601,-0.011004017900569624
494,GDSC1,279,BIX02189,MAP2K5,497,0.804872530530478,-0.011109163998496522
495,GDSC2,1614,WZ4003,NUAK1,411,0.8117107369900421,-0.011785996394440593
496,GDSC1,225,Genentech Cpd 10,AURKB,496,0.78602769563778,-0.012219848907718059
497,GDSC2,2040,Foretinib,PDGFRA,425,0.7963300035476842,-0.012556158259211206
498,GDSC2,1631,PRT062607,SYK,411,0.7910201806150436,-0.013110166605882627
499,GDSC1,312,Tivozanib,FLT1,497,0.7680887286901558,-0.013259795852456364
500,GDSC1,438,Panobinostat,HDAC7,490,0.7653766830990177,-0.01351549628635331
501,GDSC1,277,Linifanib,KIT,498,0.7586543587600358,-0.013802155230438576
502,GDSC2,1936,Savolitinib,MET,426,0.7736266157835208,-0.01397631691790085
503,GDSC2,2045,AMG-319,PIK3CG,425,0.7735027039540204,-0.014000719075831237
504,GDSC1,447,ETP-45835,MKNK2,495,0.7431051676900444,-0.0147675329763615
505,GDSC2,1940,WIKI4,TNKS,425,0.7608075939036908,-0.014809366744306015
506,GDSC2,1615,CZC24832,PIK3CG,411,0.7631919339950402,-0.014906205330212894
507,GDSC1,437,Trichostatin A,HDAC5,491,0.7343067930992971,-0.015355239507754819
508,GDSC1,292,Masitinib,PDGFRB,498,0.7243955925729623,-0.015838760986616515
509,GDSC2,1854,MN-64,TNKS2,411,0.738379461062121,-0.016524213077153096
510,GDSC2,1083,Crizotinib,MET,412,0.7347000115521001,-0.01674513194675972
511,GDSC1,260,NG-25,MAP3K7,498,0.7085315693356626,-0.01679269425860521
512,GDSC1,310,YM201636,PIKFYVE,498,0.7054661424575276,-0.016977884400834833
513,GDSC1,281,Alectinib,ALK,496,0.701997118123235,-0.017222592642856156
514,GDSC1,1530,PFI-3,SMARCA2,452,0.7060214102392428,-0.017790078323281673
515,GDSC2,1177,Niraparib,PARP1,410,0.7171926137975879,-0.01794177908227425
516,GDSC1,1170,CCT-018159,HSP90AB1,504,0.6867076591301463,-0.018008872741860957
517,GDSC1,1268,XAV939,TNKS,489,0.6904774440039938,-0.018052285784071254
518,GDSC1,173,FH535,PPARD,473,0.6953034763284185,-0.018055222295753574
519,GDSC1,1021,Axitinib,PDGFRA,505,0.6810620737928306,-0.01833378990072921
520,GDSC1,476,SB505124,ACVR1B,493,0.6843241372088522,-0.01835602653601492
521,GDSC1,1029,Motesanib,KIT,507,0.6631742202078479,-0.019388822275083567
522,GDSC2,1051,Alisertib,AURKA,410,0.6928942750824469,-0.0195620786183055
523,GDSC1,312,Tivozanib,KDR,497,0.6632083422862969,-0.01958173447994614
524,GDSC2,1199,Tamoxifen,ESR1,427,0.6774089115939894,-0.02018885181781666
525,GDSC2,1873,Buparlisib,PIK3CB,426,0.6728666765220698,-0.02051460159219541
526,GDSC1,1058,Pictilisib,PIK3CB,503,0.6440980752412239,-0.020647694180204297
527,GDSC1,1005,Cisplatin,CYP2C9,510,0.6404449083504571,-0.020731155987437362
528,GDSC2,1786,AZD4547,FGFR3,429,0.6526228541003201,-0.021793073260145637
529,GDSC1,155,Ponatinib,FLT3,480,0.6336157882945066,-0.02180999049475041
530,GDSC1,249,Cabozantinib,FLT1,497,0.6262157773897647,-0.02190015334916612
531,GDSC1,165,DMOG,EGLN2,478,0.629162632836022,-0.02214286306826669
532,GDSC1,438,Panobinostat,HDAC4,490,0.6207026776989629,-0.022409684576540752
533,GDSC2,2040,Foretinib,MET,425,0.6434456735592278,-0.022516765409326102
534,GDSC2,1200,Fulvestrant,ESR1,428,0.6324110264363805,-0.023185945355395334
535,GDSC1,302,PI-103,DAPK3,491,0.6023966673902552,-0.023567267053858452
536,GDSC1,1015,CI-1040,MAP2K1,502,0.5982284479553472,-0.023574420547355462
537,GDSC2,1057,Dactolisib,PIK3CD,426,0.6264828109179346,-0.02364606151858111
538,GDSC1,372,Pilaralisib,PIK3CA,498,0.5961661911392664,-0.023802811557516627
539,GDSC1,1058,Pictilisib,PIK3CG,503,0.5933408748843657,-0.02386591096562345
540,GDSC1,203,BMS-345541,IKBKB,500,0.5908732558888569,-0.02409772839091356
541,GDSC1,1230,IOX2,EGLN1,497,0.590035881298435,-0.024225219173572333
542,GDSC1,1029,Motesanib,PDGFRA,507,0.5780981824865828,-0.024757469376014134
543,GDSC1,177,GSK650394,SGK2,471,0.5789826548247186,-0.025631028043393875
544,GDSC2,1922,Cediranib,KIT,426,0.5824488752148874,-0.026712172747187075
545,GDSC1,283,Omipalisib,PIK3CG,498,0.5447110256579406,-0.027205607549733783
546,GDSC1,1021,Axitinib,KIT,505,0.5399876094773908,-0.02733329233544473
547,GDSC2,1085,Sorafenib,FLT1,427,0.5709812569639436,-0.027495446094677453
548,GDSC1,1029,Motesanib,FLT1,507,0.5367184716099589,-0.027499388137209747
549,GDSC1,155,Ponatinib,PDGFRA,480,0.5401745982989552,-0.02802648883024666
550,GDSC2,1925,GDC0810,ESR1,426,0.5632870506531937,-0.028079528278640017
551,GDSC2,1559,Luminespib,HSP90AA1,442,0.5468058432875343,-0.02873599517945744
552,GDSC1,1024,Lestaurtinib,FLT3,508,0.5127361880230721,-0.02910798104875874
553,GDSC1,1005,Cisplatin,CYP2B6,510,0.5082572913808567,-0.029359816160498164
554,GDSC1,476,SB505124,TGFBR1,493,0.5134031452440537,-0.029502799236712014
555,GDSC1,333,T0901317,NR1H3,495,0.4936743602199397,-0.03083557011695504
556,GDSC2,2046,MK-8776,CHEK1,424,0.5256490821138141,-0.030905770578002374
557,GDSC2,1012,Vorinostat,HDAC10,428,0.5214137240583356,-0.0310754053668103
558,GDSC1,438,Panobinostat,HDAC9,490,0.4885533732193025,-0.03136140015712907
559,GDSC1,374,GSK1059615,PIK3CB,491,0.48188821279525296,-0.031811126914627556
560,GDSC2,1629,ML323,USP1,411,0.5179969547887845,-0.031975573458519646
561,GDSC1,1199,Tamoxifen,ESR1,495,0.47404808875130244,-0.03225084197070615
562,GDSC1,356,AT7867,AKT3,498,0.45967520771008685,-0.03320679807167121
563,GDSC1,252,WZ3105,FLT3,498,0.45761607767350376,-0.03335924473125058
564,GDSC2,1910,ABT737,BCL2L10,425,0.4919783313594087,-0.03342155039002048
565,GDSC1,155,Ponatinib,ABL1,480,0.46060070075167026,-0.033756873944765384
566,GDSC1,438,Panobinostat,HDAC5,490,0.4508569583582568,-0.034138927896324396
567,GDSC2,1922,Cediranib,FLT1,426,0.47369297813426525,-0.03480547702803125
568,GDSC1,1019,Bosutinib,TEC,510,0.4251728221573464,-0.035388742250405565
569,GDSC1,164,JQ12,HDAC2,478,0.4339846843612848,-0.03586813642251695
570,GDSC1,283,Omipalisib,MTOR,498,0.41968003750735516,-0.0362406712044729
571,GDSC1,219,AT-7519,CDK4,488,0.41146622487286033,-0.03726187936535997
572,GDSC2,1017,Olaparib,PARP1,430,0.4348499378592774,-0.03775574773254588
573,GDSC1,1031,Elesclomol,HSP90AB1,508,0.3876979491685292,-0.03840538114342524
574,GDSC1,1049,PD173074,FGFR3,510,0.38210764620904203,-0.03878283449989518
575,GDSC2,1941,Sepantronium bromide,BIRC5,426,0.42228465531459447,-0.038979256445131734
576,GDSC2,1060,PD0325901,MAP2K1,443,0.4096983751701757,-0.039265422946209036
577,GDSC1,380,BIBF-1120,PDGFRA,497,0.37441030918591733,-0.03992777105696754
578,GDSC1,409,"eEF2K Inhibitor, A-484954",EEF2K,495,0.37528638230673006,-0.03993543242269898
579,GDSC1,151,QS11,ARFGAP1,476,0.37939330439692165,-0.04037930564480012
580,GDSC2,1049,PD173074,FGFR3,428,0.38018479442237474,-0.04252343336149067
581,GDSC1,435,C-75,FAS,493,0.33391755047419347,-0.04360784367137756
582,GDSC2,1180,Dinaciclib,CDK1,411,0.37737643197822,-0.043654578420917085
583,GDSC1,1024,Lestaurtinib,NTRK2,508,0.3256208077103506,-0.043699180945286485
584,GDSC2,1093,GSK1904529A,INSR,441,0.357073895906457,-0.04395856244595741
585,GDSC1,477,A-83-01,TGFB3,494,0.3177286536330998,-0.04504456079133137
586,GDSC2,1179,MK-1775,PLK1,431,0.3408025520385096,-0.04599348309621876
587,GDSC2,1046,Wee1 Inhibitor,WEE1,426,0.3386618757770663,-0.046469210635073706
588,GDSC2,1940,WIKI4,TNKS2,425,0.33707591759619504,-0.046676931734692284
589,GDSC1,277,Linifanib,FLT1,498,0.2974819072015087,-0.04677834007934903
590,GDSC1,1014,Refametinib,MAP2K1,500,0.2937010012843261,-0.04705084420337681
591,GDSC1,292,Masitinib,PDGFRA,498,0.2886978961781251,-0.04763647194512659
592,GDSC1,293,Amuvatinib,KIT,495,0.28724674208633566,-0.047925051745085705
593,GDSC1,252,WZ3105,SRC,498,0.28471512519514514,-0.048031336970321345
594,GDSC1,173,FH535,PPARG,473,0.29693551471797963,-0.0480579029897222
595,GDSC2,1561,Taselisib,PIK3CG,442,0.309679896542196,-0.04842992936017956
596,GDSC2,1022,AZD7762,CHEK1,431,0.31024102530952663,-0.04899008974981564
597,GDSC1,1006,Cytarabine,POLB,506,0.2696856520553369,-0.049161216610469904
598,GDSC1,1023,GW441756,NTRK1,509,0.268207565697617,-0.04916696316693223
599,GDSC1,271,VNLG/124,HDAC4,494,0.26606921283534923,-0.0501339946840107
600,GDSC2,1058,Pictilisib,PIK3CG,431,0.2975089433030334,-0.05029556886514746
601,GDSC1,1372,Trametinib,MAP2K1,475,0.27184419607958643,-0.05051847787749344
602,GDSC1,1046,Wee1 Inhibitor,WEE1,453,0.2810496246159714,-0.050754769639643295
603,GDSC1,277,Linifanib,FLT3,498,0.241460433601354,-0.05258501293877663
604,GDSC1,171,AKT inhibitor VIII,AKT3,478,0.2499211869621287,-0.05272595013019929
605,GDSC1,1013,Nilotinib,ABL1,510,0.23002203054411838,-0.05324321078648109
606,GDSC1,437,Trichostatin A,HDAC3,491,0.23379662083154065,-0.05383087714247191
607,GDSC2,1058,Pictilisib,PIK3CD,431,0.25575836433824356,-0.05486009940226742
608,GDSC1,273,CUDC-101,HDAC7,486,0.2199144032701423,-0.05574704307672123
609,GDSC2,2046,MK-8776,CHEK2,424,0.24924119169964157,-0.05607701450712762
610,GDSC2,1926,GNE-317,PIK3CD,413,0.25454320136131237,-0.056191402876337525
611,GDSC2,1926,GNE-317,PIK3CG,413,0.24976026626271924,-0.056760020046395625
612,GDSC1,273,CUDC-101,HDAC5,486,0.21143012717468682,-0.056785419245815656
613,GDSC2,1057,Dactolisib,PIK3CG,426,0.23924160721392895,-0.057141537751096746
614,GDSC1,285,SU11274,MET,497,0.20019252433715995,-0.05755813544305085
615,GDSC1,562,AGI-6780,IDH2,493,0.20081846238191872,-0.057711787922987305
616,GDSC1,380,BIBF-1120,KDR,497,0.19184067331483273,-0.058641393639724086
617,GDSC1,1033,Vismodegib,SMO,511,0.18487910119100093,-0.05874672643029812
618,GDSC2,1873,Buparlisib,PIK3CG,426,0.2246019138009204,-0.05895903870668563
619,GDSC1,273,CUDC-101,EGFR,486,0.1941902615875533,-0.058991903268877786
620,GDSC1,245,UNC0638,EHMT2,495,0.18860956865425518,-0.0591893533744128
621,GDSC2,1085,Sorafenib,RAF1,427,0.22017648417040456,-0.05945493706840399
622,GDSC1,302,PI-103,PIK3CA,491,0.1789164154169756,-0.06075714275576606
623,GDSC1,302,PI-103,CLK4,491,0.17234627234476954,-0.061686767996155786
624,GDSC1,226,GSK1070916,AURKA,472,0.17823199830782072,-0.062069558147979674
625,GDSC2,1080,Paclitaxel,TUBB1,427,0.19689393585092688,-0.062571537698691
626,GDSC1,308,Foretinib,FLT4,496,0.16155750628430865,-0.06295170829473418
627,GDSC2,2107,LJI308,RPS6KA2,422,0.1957193849624456,-0.06310772124388563
628,GDSC1,158,PF-562271,PTK2B,469,0.17084419642743132,-0.0633429764900073
629,GDSC1,176,IPA-3,PAK1,474,0.16616715497394363,-0.06370152104375801
630,GDSC1,1024,Lestaurtinib,NTRK1,508,0.14844394501924948,-0.06420570988571093
631,GDSC1,260,NG-25,MAP4K2,498,0.14997863381463966,-0.0646052717298552
632,GDSC2,1873,Buparlisib,PIK3CD,426,0.18105471265945602,-0.0649251730246474
633,GDSC1,199,Pazopanib,CSF1R,473,0.15819223000812319,-0.06498936567341891
634,GDSC2,1620,PFI3,SMARCA2,411,0.18550264370787312,-0.06543744630983267
635,GDSC1,293,Amuvatinib,PDGFRA,495,0.1428845216494028,-0.06594787498862202
636,GDSC1,303,PIK-93,PIK3CG,497,0.13778827323889212,-0.06666377980279657
637,GDSC1,333,T0901317,NR1H4,495,0.13505511103733572,-0.06726500180229723
638,GDSC1,1218,JQ1,BRDT,484,0.13615900830750827,-0.06783590884483268
639,GDSC1,279,BIX02189,MAPK7,497,0.13013057444659173,-0.0679862811729071
640,GDSC1,1037,BX795,TBK1,511,0.11916443149279513,-0.06902150843213996
641,GDSC2,1085,Sorafenib,KIT,427,0.14786270940141016,-0.07015048772796115
642,GDSC2,1561,Taselisib,PIK3CD,442,0.1402780496102803,-0.07025925494351239
643,GDSC1,432,Flavopiridol,CDK4,490,0.11870393813378259,-0.0705766524369922
644,GDSC1,376,"Brivanib, BMS-540215",KDR,497,0.1160266362867051,-0.07058890458960526
645,GDSC1,376,"Brivanib, BMS-540215",PDGFRA,497,0.11538406631871269,-0.07071324175132411
646,GDSC1,1057,Dactolisib,PIK3CA,504,0.10505566750680256,-0.07228219555838006
647,GDSC1,1039,SL0101,RPS6KA1,502,0.10333753585328151,-0.07278565408844735
648,GDSC2,1553,Uprosertib,AKT3,412,0.13955184362375028,-0.07291394088687703
649,GDSC2,2109,AZ6102,TNKS2,422,0.13236543605631576,-0.07337328967404917
650,GDSC1,301,PHA-793887,CDK2,498,0.10020122251573561,-0.07374896213119071
651,GDSC1,289,KIN001-042,GSK3B,498,0.09481040825794572,-0.07494220459536806
652,GDSC1,1046,Wee1 Inhibitor,CHEK1,453,0.1064920696953276,-0.07594026387311495
653,GDSC2,1916,AZD5363,AKT3,426,0.11723674113291022,-0.0760096160375949
654,GDSC2,1057,Dactolisib,PIK3CA,426,0.11657773765139057,-0.07614621189043616
655,GDSC2,1849,Sabutoclax,BCL2L1,410,0.11881537565322238,-0.07715200929069238
656,GDSC1,1022,AZD7762,CHEK1,509,0.08172066234338157,-0.07723369347120065
657,GDSC1,249,Cabozantinib,FLT3,497,0.08162622292324223,-0.07818647211680499
658,GDSC2,1912,Afuresertib,AKT3,426,0.10553182848136962,-0.07853136174811647
659,GDSC2,1083,Crizotinib,ALK,412,0.11126243887961913,-0.0785764132630203
660,GDSC1,268,Sepantronium bromide,BIRC5,475,0.08561875718768992,-0.07895688588560008
661,GDSC1,1263,UNC0642,EHMT2,471,0.08541810532873122,-0.07934289015322916
662,GDSC2,1816,Fulvestrant,ESR1,411,0.10106075448306508,-0.08099579812324238
663,GDSC1,1069,EHT-1864,RAC3,507,0.06768292747650743,-0.08121127286060266
664,GDSC1,152,CP466722,ATM,500,0.06711106673228932,-0.08194899979599918
665,GDSC1,229,Enzastaurin,PRKCB,497,0.06598401939493857,-0.08253651328882741
666,GDSC1,182,Obatoclax Mesylate,BCL2L1,473,0.0727092879458394,-0.08259565110699961
667,GDSC1,228,AKT inhibitor VIII,AKT3,497,0.06542153049969171,-0.08270806338223669
668,GDSC2,1131,PRIMA-1MET,TP53,410,0.09210841604431716,-0.08329525327627056
669,GDSC2,1022,AZD7762,CHEK2,431,0.08075741313220566,-0.08421179637523456
670,GDSC1,1022,AZD7762,CHEK2,509,0.056180613183082755,-0.0846990393391396
671,GDSC1,273,CUDC-101,HDAC4,486,0.057284724206068796,-0.08629838444327884
672,GDSC1,163,JQ1,BRDT,481,0.056047302335082386,-0.08717984661968065
673,GDSC2,1068,Obatoclax Mesylate,BCL2L1,410,0.0767959904007403,-0.08749312796074438
674,GDSC1,332,XMD15-27,CAMK2B,498,0.050555762355177426,-0.08766756562262729
675,GDSC1,326,GSK690693,AKT3,497,0.0450608497392157,-0.08993975512617094
676,GDSC1,1018,Veliparib,PARP1,510,0.039313621464408074,-0.09129107627118453
677,GDSC2,1372,Trametinib,MAP2K1,432,0.05686528121392687,-0.09169540850925248
678,GDSC2,1924,Ipatasertib,AKT3,426,0.05770714381295441,-0.09202951556979291
679,GDSC1,477,A-83-01,TGFB2,494,0.040291789969598556,-0.09230415860073167
680,GDSC1,431,Alisertib,AURKA,485,0.037514020217610106,-0.09448604550135321
681,GDSC2,1006,Cytarabine,POLB,426,0.044524108370258206,-0.09739695647365389
682,GDSC2,1931,MIRA-1,TP53,425,0.04158734934427613,-0.09888824623657595
683,GDSC2,1079,Dasatinib,KIT,429,0.04028190747182494,-0.09906116487294493
684,GDSC1,219,AT-7519,CDK1,488,0.028641935763637678,-0.09907354879693103
685,GDSC1,449,CD532,AURKA,497,0.026741281639671093,-0.09937276202883841
686,GDSC2,1085,Sorafenib,PDGFRA,427,0.03722505432563458,-0.1008557858565519
687,GDSC1,1024,Lestaurtinib,NTRK3,508,0.022163047990895992,-0.10148199482876687
688,GDSC1,375,Voxtalisib,PIK3CA,498,0.021750813931710765,-0.10281332100092648
689,GDSC1,219,AT-7519,CDK2,488,0.021091121200936338,-0.10438586183546009
690,GDSC1,177,GSK650394,SGK3,471,0.01967609114437077,-0.10744864606613824
691,GDSC1,224,AS605240,PIK3CG,496,0.013960435349618413,-0.11032126286556092
692,GDSC2,1093,GSK1904529A,IGF1R,441,0.01933022590628195,-0.11135517143920506
693,GDSC1,1149,TW 37,BCL2L1,506,0.011641597187847942,-0.11207692932915626
694,GDSC1,308,Foretinib,EGFR,496,0.011076296574039983,-0.11397770788956614
695,GDSC1,1031,Elesclomol,HSP90AA1,508,0.00950190902439425,-0.11496707405360732
696,GDSC1,147,NSC-87877,PTPN11,478,0.009242175284814013,-0.11894528212338548
697,GDSC1,253,XMD14-99,LTK,498,0.0073633601444976346,-0.11995885786263079
698,GDSC1,202,GSK1904529A,IGF1R,475,0.008453355468503163,-0.12070485222736664
699,GDSC2,1005,Cisplatin,CYP2C9,431,0.00889795288021048,-0.12586991972277678
700,GDSC1,432,Flavopiridol,CDK1,490,0.004917887269422105,-0.12685996618231718
701,GDSC1,1069,EHT-1864,RAC1,507,0.0041442756729698944,-0.12712326516871852
702,GDSC1,461,NSC319726,TP53,474,0.0035523265776722392,-0.13366035046403177
703,GDSC2,1855,KRAS (G12C) Inhibitor-12,KRAS,411,0.005208094643935808,-0.13757473412024177
704,GDSC2,1046,Wee1 Inhibitor,CHEK1,426,0.0028223940201772685,-0.14435938679327653
705,GDSC2,2046,MK-8776,CDK2,424,0.002084870465274569,-0.14907848647287092
706,GDSC1,1050,ZM447439,AURKA,511,0.0006704247575663116,-0.14998426168412568
707,GDSC2,2045,AMG-319,PIK3CA,425,7.332322306579457e-05,-0.19112910537587346
708,GDSC2,1180,Dinaciclib,CDK2,411,2.3486752360386907e-05,-0.20696239398082453
709,GDSC1,432,Flavopiridol,CDK2,490,3.619605726845449e-06,-0.20750537342121889
710,GDSC2,2040,Foretinib,EGFR,425,2.42866769332388e-06,-0.226356005064795
